{"title_subscribe_global":"","subscribe_url":"https:\/\/eepurl.com\/dxHIUz","subscribe_title":"","subscribe_description":"","title_subscribe_footer":"","loop_classic_enable_subscribe":"1","single_enable_subscribe":"1","title_subscribe_header":"","enable_subscribe":"1","title_subscribe_button":"","subscribe_url_header":"","title_subscribe_adv":"","subscribe_email_field_name":"MERGE0","subscribe_method":"GET","subscribe_parameters":"","title_header":"","header_type":"minimalist","enable_sticky_header":"1","enable_sticky_header_mobile":"1","enable_share_header":"0","enable_search_header":"1","title_logo":"","logo_type":"1","logo_icon":"","logo_icon_color":"#f43676","logo_icon_size":"68","logo_text_color":"#002050","logo_font_size_desktop":"50","logo_font_size_mobile":"40","logo_image":{"url":"https:\/\/themes.estudiopatagon.com\/wordpress\/wavy\/wp-content\/uploads\/2023\/12\/logo-wavy.png","id":"421","width":"260","height":"63","thumbnail":"https:\/\/themes.estudiopatagon.com\/wordpress\/wavy\/wp-content\/uploads\/2023\/12\/logo-wavy-150x63.png","alt":"","title":"logo-wavy","description":""},"info_image_size":"","logo_width":"180","sticky_logo_image":{"url":"","id":"","width":"","height":"","thumbnail":"","alt":"","title":"","description":""},"sticky_logo_width":"","title_notice":"","enable_notice":"0","enable_notice_close":"0","notice_text":"<p><strong>Be part of our next Marketing event!<\/strong>\u00a0Web Designer\u00a0<a href=\"https:\/\/themes.estudiopatagon.com\/wordpress\/maktub\/?header=notice#\" data-mce-href=\"https:\/\/themes.estudiopatagon.com\/wordpress\/maktub\/?header=notice#\">Day is coming<\/a>, and we're running marketing campaign from May 28 - June 4<\/p>","copyright_text":"","copyright_theme_author":"1","enable_back_to_top":"1","ads_top_header":"","header_advertising_type":"image","header_advertising_image":{"url":"https:\/\/themes.estudiopatagon.com\/wordpress\/wavy\/wp-content\/uploads\/2023\/12\/banner-728x90-1.png","id":"1208","width":"1092","height":"135","thumbnail":"https:\/\/themes.estudiopatagon.com\/wordpress\/wavy\/wp-content\/uploads\/2023\/12\/banner-728x90-1-150x135.png","alt":"","title":"banner-728x90","description":""},"header_advertising_url":"https:\/\/estudiopatagon.com","header_advertising_code":"","ads_below_header":"","ads_enabled_below_header":"0","ads_type_below_header":"code","ads_mobile_below_header":"1","ads_image_below_header":{"url":"","id":"","width":"","height":"","thumbnail":"","alt":"","title":"","description":""},"ads_url_below_header":"","ads_code_below_header":"","ads_mt_below_header":"50","ads_mb_below_header":"50","ads_single_top":"","ads_enabled_single_top":"0","ads_mobile_single_top":"1","ads_type_single_top":"image","ads_image_single_top":{"url":"","id":"","width":"","height":"","thumbnail":"","alt":"","title":"","description":""},"ads_url_single_top":"","ads_code_single_top":"","ads_mt_single_top":"25","ads_mb_single_top":"25","ads_single_bottom":"","ads_enabled_single_bottom":"0","ads_mobile_single_bottom":"1","ads_type_single_bottom":"image","ads_image_single_bottom":{"url":"","id":"","width":"","height":"","thumbnail":"","alt":"","title":"","description":""},"ads_url_single_bottom":"","ads_code_single_bottom":"","ads_mt_single_bottom":"25","ads_mb_single_bottom":"25","ads_custom_shortcode_title_1":"","ads_custom_shortcode_copy":"[epcl_custom_ads id=\"1\"]","ads_enabled_custom_shortcode":"0","ads_mobile_custom_shortcode":"1","ads_type_custom_shortcode":"image","ads_image_custom_shortcode":{"url":"","id":"","width":"","height":"","thumbnail":"","alt":"","title":"","description":""},"ads_url_custom_shortcode":"","ads_code_custom_shortcode":"","ads_mt_custom_shortcode":"25","ads_mb_custom_shortcode":"25","ads_custom_shortcode_title_2":"","ads_custom_shortcode_copy_2":"[epcl_custom_ads id=\"2\"]","ads_enabled_custom_shortcode_2":"0","ads_mobile_custom_shortcode_2":"1","ads_type_custom_shortcode_2":"image","ads_image_custom_shortcode_2":{"url":"","id":"","width":"","height":"","thumbnail":"","alt":"","title":"","description":""},"ads_url_custom_shortcode_2":"","ads_code_custom_shortcode_2":"","ads_mt_custom_shortcode_2":"25","ads_mb_custom_shortcode_2":"25","ads_custom_shortcode":"","ads_enabled_grid_loop":"0","ads_mobile_grid_loop":"1","ads_position_grid_loop":"3","ads_type_grid_loop":"image","ads_image_grid_loop":{"url":"https:\/\/themes.estudiopatagon.com\/wordpress\/wavy\/wp-content\/uploads\/2023\/12\/banner-240x400-1.png","id":"1207","width":"240","height":"400","thumbnail":"https:\/\/themes.estudiopatagon.com\/wordpress\/wavy\/wp-content\/uploads\/2023\/12\/banner-240x400-1-150x150.png","alt":"","title":"banner-240x400","description":""},"ads_url_grid_loop":"https:\/\/estudiopatagon.com","ads_code_grid_loop":"qweqweq","ads_mt_grid_loop":"25","ads_mb_grid_loop":"25","background_type":"2","bg_body_color":"#FFFFFF","bg_body_pattern":{"url":"","id":"","width":"","height":"","thumbnail":"","alt":"","title":"","description":""},"bg_body_full":{"url":"","id":"","width":"","height":"","thumbnail":"","alt":"","title":"","description":""},"bg_body_gradient":{"from":"#485DA6","to":"#32b37b"},"enable_wave_effect":"1","main_wave_color":"#FC6668","primary_color":"#F43676","main_gradient_color":{"from":"#FC6668","to":"#E10489"},"secondary_color":"#FED267","third_color":"#AEF3FF","titles_color":"#302d55","text_color":"#002050","header_menu_bg_color":"transparent","header_menu_link_color":{"color":"#002050","hover":"#002050","active":"#F43676"},"header_submenu_link_color":{"color":"#002050","hover":"#F43676","active":"#F43676"},"header_submenu_bg_color":"#FFFFFF","header_sticky_bg_color":"#FFFFFF","header_mobile_bg_color":"#FFFFFF","header_mobile_icon_color":"#002050","header_mobile_link_color":"#002050","selection_bg_color":"#002050","selection_text_color":"#FFFFFF","content_border_color":"#E6EDF6","main_shadow_color":"#002050","main_boxes_color":"#FFF9F3","main_boxes_border_color":"#FFE7D2","content_width_info":"","grid_container_width":"","grid_container_large_width":"","grid_container_ularge_width":"","content_link_color":{"color":"#F43676","hover":"#002050"},"primary_button":{"gradient_start":"#FC6668","gradient_end":"#E10489","text_color":"#FFFFFF"},"tag_text_color":{"color":"#F43676","hover":"#002050"},"sidebar_bg_color":"#FFF9F3","sidebar_border_color":"#FFE7D2","sidebar_text_color":"#002050","sidebar_link_color":{"color":"#002050","hover":"#F43676"},"sidebar_title_color":"#302d55","info_forms":"","input_bg_color":"#FFFFFF","input_text_color":"#002050","label_text_color":"#002050","footer_bg_color":"#FFF9F3","footer_text_color":"#002050","footer_link_color":{"color":"#002050","hover":"#F43676"},"footer_title_color":"#302d55","footer_copyright_color":"#002050","footer_copyright_link_color":"#002050","enable_google_fonts":"1","general_fonts":"","body_font":{"font-family":"","font-weight":"","font-style":"","subset":"","font-size":"17","type":"","unit":"px"},"primary_titles_font":{"font-family":"","font-weight":"","font-style":"","subset":"","type":"","unit":"px"},"sidebar_fonts":"","sidebar_titles_font":{"font-family":"","font-weight":"","font-style":"","subset":"","type":"","unit":"px"},"sidebar_font":{"font-family":"","font-weight":"","font-style":"","subset":"","type":"","unit":"px"},"footer_fonts":"","footer_titles_font":{"font-family":"","font-weight":"","font-style":"","subset":"","type":"","unit":"px"},"footer_font":{"font-family":"","font-weight":"","font-style":"","subset":"","type":"","unit":"px"},"info_fonts":"","title_font_size":"","editor_font_size":"17","h1_font_size":"32","h2_font_size":"28","h3_font_size":"24","h4_font_size":"18","h5_font_size":"16","h6_font_size":"14","mobile_fonts":"","mobile_body_font_size":"14","mobile_single_font_size":"14","enable_sticky_sidebar":"1","enable_post_sidebar":"inherit","enable_page_sidebar":"inherit","custom_sidebar":"","title_sidebar_mobile":"","enable_mobile_sidebar":"0","mobile_sidebar":"","enable_mobile_footer_sidebar":"0","mobile_footer_sidebar":"epcl_sidebar_footer_mobile","enable_global_date":"1","enable_global_comments":"1","enable_global_reading_time":"1","words_per_minute":"225","hosted_comments":"1","disqus_id":"ghost-test","facebook_lang_code":"en_US","facebook_app_id":"","info_normal":"","grid_display_author":"1","grid_title_length":"","grid_display_excerpt":"1","small_excerpt_length":"","classic_display_author":"1","classic_title_length":"","classic_display_excerpt":"1","large_excerpt_length":"","posts_page_layout":"classic_sidebar","archive_layout":"grid_3_cols","search_layout":"classic_sidebar","author_layout":"classic_sidebar","single_post_layout":"inherit","enable_featured_image":"1","enable_single_meta_data":"1","enable_single_modified_date":"1","enable_single_category":"1","enable_single_tags":"1","enable_single_author":"1","related_posts":"1","related_posts_limit":"4","siblings_posts":"1","enable_share_buttons":"1","enable_share_buttons_page":"0","enable_sticky_share_buttons":"1","enable_sticky_share_buttons_page":"0","enable_single_facebook":"1","enable_single_twitter":"1","enable_single_whatsapp":"1","enable_single_email":"0","enable_single_pinterest":"1","enable_single_linkedin":"0","enable_single_telegram":"1","enable_single_vk":"0","twitter_url":"#","facebook_url":"#","instagram_url":"#","linkedin_url":"","pinterest_url":"","dribbble_url":"","tumblr_url":"","youtube_url":"","flickr_url":"","twitch_url":"#","vk_url":"","telegram_url":"","tiktok_url":"","whatsapp_url":"","discord_url":"","email_url":"","rss_url":"","enable_gutenberg_admin":"1","enable_open_graph":"0","css_code":"","custom_scripts":"","custom_scripts_body":"","custom_scripts_footer":"","enable_optimization":"1","move_jquery_footer":"1","enable_defer_scripts":"0","remove_emojis":"1","remove_gutenberg_styles":"","enable_lazyload":"1","enable_lazyload_posts":"1","enable_lazyload_embed":"1","enable_lazyload_adsense":"","title_optimization":"","secondary_css_method":"preload","font_icons_delay":"750","title_ajax_scripts":"","remove_custom_ajax_scripts":"","custom_ajax_scripts":"","title_amp":"","amp_enabled":"0","enable_amp_footer_widgets":"1","amp_home_layout":"classic-posts","amp_archives_layout":"classic-posts","amp_enable_google_fonts":"1","amp_body_font":{"font-family":"","font-weight":"","font-style":"","type":"","unit":"px"},"amp_primary_titles_font":{"font-family":"","font-weight":"","font-style":"","type":"","unit":"px"},"amp_css_code":"","amp_custom_code":"","amp_auto_ads":"","amp_auto_ads_enabled":"0","amp_auto_ads_client":""}